STATIONID,Value ,Grouping
20210112-1120-tdaley,77.27915592,Regular_IBI
20210112-1240-tdaley,74.91674268,Regular_IBI
20210112-1245-jeremmille,79.62385638,Regular_IBI
20210112-1315-jeremmille,68.16405623,Regular_IBI
20210112-1345-jeremmille,55.44353568,Regular_IBI
20210112-1415-jeremmille,62.34672574,Regular_IBI
20210113-0900-jeremmille,44.1447451,Regular_IBI
20210113-1030-jeremmille,40.43184416,Regular_IBI
20210113-1130-tdaley,59.23127995,Regular_IBI
20210113-1200-jeremmille,52.19454065,Regular_IBI
20210113-1225-tdaley,42.46157822,Regular_IBI
20210113-1345-tdaley,79.89662358,Regular_IBI
20210120-1315-tdaley,44.3245404,Regular_IBI
20210120-1405-tdaley,63.19932657,Regular_IBI
20210125-1215-jeremmille,75.65045805,Regular_IBI
20210224-1045-tdaley,71.25364033,Regular_IBI
20210224-1245-jlorson,24.83296394,Regular_IBI
20210224-1300-jlorson,52.42723351,Regular_IBI
20210224-1410-tdaley,67.76587939,Regular_IBI
20210224-1450-tdaley,66.3573627,Regular_IBI
20210225-1104-mshank,96.70634793,Regular_IBI
20210225-1115-tdaley,68.05507705,Regular_IBI
20210225-1235-tdaley,94.24033379,Regular_IBI
20210225-1356-mshank,56.05141838,Regular_IBI
20210225-1520-mshank,69.19694446,Regular_IBI
20210301-0730-twertz,83.29511072,Regular_IBI
20210301-0939-twertz,75.43277931,Regular_IBI
20210303-0930-twertz,98.58820921,Regular_IBI
20210303-1040-tdaley,82.18652177,Regular_IBI
20210303-1245-drebuck,70.47811211,Regular_IBI
20210303-1355-tdaley,41.41388933,Regular_IBI
20210304-0935-drebuck,78.3705312,Regular_IBI
20210304-0955-tdaley,52.29738597,Regular_IBI
20210304-1015-jeremmille,78.71369942,Regular_IBI
20210304-1115-jeremmille,70.36602338,Regular_IBI
20210304-1240-drebuck,75.50320097,Regular_IBI
20210304-1315-tdaley,19.52603103,Regular_IBI
20210304-1430-drebuck,70.36343541,Regular_IBI
20210305-0950-drebuck,57.57790537,Regular_IBI
20210305-1230-drebuck,58.93250118,Regular_IBI
20210308-1125-drebuck,91.91426592,Regular_IBI
20210308-1410-drebuck,80.12042668,Regular_IBI
20210309-1025-ablascovic,43.36468839,Regular_IBI
20210309-1045-ablascovic,17.53799779,Regular_IBI
20210309-1130-ablascovic,47.48055573,Regular_IBI
20210309-1220-tdaley,72.56312166,Regular_IBI
20210309-1340-tdaley,74.26423697,Regular_IBI
20210310-0287-WQN,69.29381068,Regular_IBI
20210310-0918-mshank,79.70972714,Regular_IBI
20210310-1100-drebuck,47.13578062,Regular_IBI
20210310-1300-drebuck,48.4511834,Regular_IBI
20210310-1515-drebuck,60.4348321,Regular_IBI
20210311-1040-drebuck,21.60147512,Regular_IBI
20210311-1045-tdaley,32.16555408,Regular_IBI
20210311-1225-tdaley,77.01639747,Regular_IBI
20210311-1305-drebuck,11.39534518,Regular_IBI
20210311-1315-tdaley,34.56613187,Regular_IBI
20210315-1005-drebuck,35.27568437,Regular_IBI
20210315-1100-smeans,67.283057,Regular_IBI
20210315-1220-drebuck,45.14390842,Regular_IBI
20210315-1440-drebuck,44.8020589,Regular_IBI
20210317-1000-drebuck,44.96067898,Regular_IBI
20210317-1100-smeans,65.86622984,Regular_IBI
20210317-1230-drebuck,60.08925795,Regular_IBI
20210319-1015-drebuck,63.05654961,Regular_IBI
20210319-1220-drebuck,59.87526815,Regular_IBI
20210319-1400-drebuck,76.79538768,Regular_IBI
20210322-1045-drebuck,68.41536807,Regular_IBI
20210322-1240-drebuck,75.03197108,Regular_IBI
20210322-1430-drebuck,76.0472601,Regular_IBI
20210323-0900-jagrassi,68.37312601,Regular_IBI
20210323-1030-smeans,51.38346089,Regular_IBI
20210323-1055-drebuck,67.31536245,Regular_IBI
20210323-1200-jagrassi,63.7977816,Regular_IBI
20210323-1250-tdaley,26.99556144,Regular_IBI
20210323-1330-jagrassi,56.43893714,Regular_IBI
20210323-1345-tdaley,23.92973734,Regular_IBI
20210323-1435-tdaley,43.72696301,Regular_IBI
20210323-1550-tdaley,70.6113546,Regular_IBI
20210324-0945-rspear,18.59362027,Regular_IBI
20210324-1000-jagrassi,38.66945633,Regular_IBI
20210324-1045-jadetweile,36.20008419,Regular_IBI
20210324-1100-smeans,58.14369954,Regular_IBI
20210325-1045-drebuck,70.47320839,Regular_IBI
20210325-1235-drebuck,68.15250254,Regular_IBI
20210325-1500-drebuck,13.14587591,Regular_IBI
20210329-0945-jagrassi,65.83038082,Regular_IBI
20210329-1030-jagrassi,61.5267002,Regular_IBI
20210330-1000-jagrassi,66.09197712,Regular_IBI
20210330-1100-jagrassi,78.74979346,Regular_IBI
20210330-1215-jeremmille,98.53148606,Regular_IBI
20210330-1230-jagrassi,56.51953953,Regular_IBI
20210331-1345-tdaley,48.05853382,Regular_IBI
20210331-1415-tdaley,48.66414096,Regular_IBI
20210405-1037-rwhiteash,55.3505313,Regular_IBI
20210405-1140-mshank,67.43736995,Regular_IBI
20210405-1335-mshank,50.4882792,Regular_IBI
20210405-1436-rwhiteash,73.36490047,Regular_IBI
20210406-0730-dushull,52.13872704,Regular_IBI
20210406-0835-dushull,57.42254879,Regular_IBI
20210406-1015-jagrassi,91.10142594,Regular_IBI
20210406-1017-mshank,50.24850011,Regular_IBI
20210406-1105-dushull,78.66948023,Regular_IBI
20210406-1205-dushull,63.12946866,Regular_IBI
20210406-1300-jagrassi,85.25333485,Regular_IBI
20210406-1400-dushull,38.46163411,Regular_IBI
20210407-0849-rwhiteash,40.5531835,Regular_IBI
20210407-0945-HuntingdonCCD,31.34211574,Regular_IBI
20210407-1030-jagrassi,46.99107781,Regular_IBI
20210407-1115-HuntingdonCCD,82.73858021,Regular_IBI
20210407-1115-rwhiteash,70.10163258,Regular_IBI
20210407-1215-HuntingdonCCD,49.49134184,Regular_IBI
20210407-1227-mhoger,49.53967703,Regular_IBI
20210407-1300-jagrassi,63.21978969,Regular_IBI
20210407-1313-rwhiteash,61.73620597,Regular_IBI
20210407-1315-HuntingdonCCD,52.06815502,Regular_IBI
20210407-1430-HuntingdonCCD,46.74902634,Regular_IBI
20210407-1530-HuntingdonCCD,55.64763416,Regular_IBI
20210408-0845-mhoger,74.70438706,Regular_IBI
20210408-0930-rwhiteash,53.50896351,Regular_IBI
20210408-1101-mhoger,68.1935799,Regular_IBI
20210408-1251-mhoger,59.91715032,Regular_IBI
20210412-1000-mbrickner,36.01478369,Regular_IBI
20210412-1130-mbrickner,41.24401611,Regular_IBI
20210412-1230-mbrickner,44.22345852,Regular_IBI
20210412-1330-mbrickner,66.94156967,Regular_IBI
20210412-1530-mbrickner,84.48403452,Regular_IBI
20210413-0742-mshank,85.55939251,Regular_IBI
20210413-0805-rwhiteash,92.4267627,Regular_IBI
20210413-0955-drebuck,88.91765857,Regular_IBI
20210413-0958-mshank,93.56750226,Regular_IBI
20210413-1100-rwhiteash,86.04366206,Regular_IBI
20210413-1146-mshank,33.31748571,Regular_IBI
20210413-1200-drebuck,76.88091098,Regular_IBI
20210413-1236-rwhiteash,23.97838564,Regular_IBI
20210413-1328-mshank,89.84007648,Regular_IBI
20210413-1410-drebuck,89.72344167,Regular_IBI
20210414-0742-rwhiteash,46.81726268,Regular_IBI
20210414-0900-mbrickner,90.24829154,Regular_IBI
20210414-0904-rwhiteash,70.0784139,Regular_IBI
20210414-0923-twertz,90.22301056,Regular_IBI
20210414-0940-drebuck,41.37995528,Regular_IBI
20210414-1023-rwhiteash,92.15737058,Regular_IBI
20210414-1027-twertz,66.6674364,Regular_IBI
20210414-1030-jbrancato,116.6382583,Regular_IBI
20210414-1040-smeans,95.72026313,Regular_IBI
20210414-1115-jbrancato,104.836672,Regular_IBI
20210414-1158-rwhiteash,78.71495104,Regular_IBI
20210414-1230-jbrancato,116.1102225,Regular_IBI
20210414-1300-smeans,102.5949487,Regular_IBI
20210414-1315-jbrancato,81.31123653,Regular_IBI
20210414-1337-rwhiteash,86.52531954,Regular_IBI
20210414-1345-drebuck,49.76987379,Regular_IBI
20210415-0728-rwhiteash,68.0606502,Regular_IBI
20210415-0755-shawnmille,58.15760393,Regular_IBI
20210415-0838-rwhiteash,71.78985657,Regular_IBI
20210415-0900-shawnmille,74.68595312,Regular_IBI
20210415-0930-smeans,65.87167982,Regular_IBI
20210415-1015-rwhiteash,90.82503874,Regular_IBI
20210415-1030-jbrancato,74.26707924,Regular_IBI
20210415-1030-smeans,51.86466493,Regular_IBI
20210415-1035-dushull,53.43924153,Regular_IBI
20210415-1110-dushull,53.40909408,Regular_IBI
20210415-1115-jbrancato,57.21696096,Regular_IBI
20210415-1215-dushull,52.48640944,Regular_IBI
20210415-1230-efilip,16.54330733,Regular_IBI
20210415-1430-efilip,24.65455348,Regular_IBI
20210415-1510-efilip,16.81921548,Regular_IBI
20210419-0703-mshank,74.57788978,Regular_IBI
20210419-0725-twertz,82.10395918,Regular_IBI
20210419-0821-twertz,83.33224244,Regular_IBI
20210419-0900-MifflinCCD,12.89024039,Regular_IBI
20210419-0923-twertz,73.48190673,Regular_IBI
20210419-0930-jagrassi,23.49797803,Regular_IBI
20210419-1020-jadetweile,1.178722634,Regular_IBI
20210419-1030-jagrassi,25.92844205,Regular_IBI
20210419-1030-smeans,65.02620593,Regular_IBI
20210419-1055-jadetweile,28.53591284,Regular_IBI
20210419-1100-MifflinCCD,21.64963174,Regular_IBI
20210419-1155-mshank,70.62061938,Regular_IBI
20210419-1248-mshank,78.76573794,Regular_IBI
20210419-1312-mshank,87.66629577,Regular_IBI
20210419-1330-MifflinCCD,33.20299795,Regular_IBI
20210419-1500-MifflinCCD,35.75156152,Regular_IBI
20210420-0900-MifflinCCD,31.72017902,Regular_IBI
20210420-1015-MifflinCCD,41.91110494,Regular_IBI
20210420-1115-jbrancato,66.44081243,Regular_IBI
20210420-1130-jadetweile,1.416911376,Regular_IBI
20210420-1130-MifflinCCD,45.36618033,Regular_IBI
20210420-1330-MifflinCCD,41.53737549,Regular_IBI
20210420-1500-MifflinCCD,43.77195475,Regular_IBI
20210421-0900-MifflinCCD,52.724477,Regular_IBI
20210421-1000-MifflinCCD,59.80365062,Regular_IBI
20210421-1115-MifflinCCD,50.70873624,Regular_IBI
20210421-1230-MifflinCCD,48.30497648,Regular_IBI
20210421-1345-MifflinCCD,53.1544578,Regular_IBI
20210421-1445-MifflinCCD,63.52574129,Regular_IBI
20210422-0627-mshank,99.3938858,Regular_IBI
20210422-0741-mshank,85.6968304,Regular_IBI
20210422-0828-mshank,66.10244722,Regular_IBI
20210422-0830-MifflinCCD,52.75300529,Regular_IBI
20210422-0942-mshank,91.04889517,Regular_IBI
20210422-1000-MifflinCCD,26.9278252,Regular_IBI
20210422-1045-jadetweile,65.40578734,Regular_IBI
20210422-1049-mshank,85.03975883,Regular_IBI
20210422-1100-HuntingdonCCD,63.17279819,Regular_IBI
20210422-1130-jadetweile,59.14694802,Regular_IBI
20210422-1205-mshank,84.52560005,Regular_IBI
20210422-1215-jbrancato,95.76033186,Regular_IBI
20210422-1230-HuntingdonCCD,27.17367289,Regular_IBI
20210422-1230-jadetweile,49.02280152,Regular_IBI
20210422-1320-mshank,94.14255094,Regular_IBI
20210422-1330-HuntingdonCCD,43.91395049,Regular_IBI
20210423-1000-jagrassi,73.76750187,Regular_IBI
20210426-0945-jadetweile,36.61756695,Regular_IBI
20210426-1030-jadetweile,46.32479185,Regular_IBI
20210426-1045-smeans,95.28980038,Regular_IBI
20210427-0626-mshank,85.01932901,Regular_IBI
20210427-0703-twertz,90.81877425,Regular_IBI
20210427-0802-mshank,57.99432896,Regular_IBI
20210427-0842-twertz,76.23688777,Regular_IBI
20210427-0927-mshank,83.94981133,Regular_IBI
20210427-1000-jadetweile,46.55356656,Regular_IBI
20210427-1000-twertz,80.98723385,Regular_IBI
20210427-1011-tdaley,59.22594301,Regular_IBI
20210427-1030-jaygerber,53.63262958,Regular_IBI
20210427-1100-jadetweile,44.0034819,Regular_IBI
20210427-1100-jaygerber,45.95242241,Regular_IBI
20210427-1130-jadetweile,81.0897617,Regular_IBI
20210427-1142-mshank,77.78333648,Regular_IBI
20210427-1200-jadetweile,46.91097715,Regular_IBI
20210427-1213-twertz,79.99356784,Regular_IBI
20210427-1252-mshank,99.38417706,Regular_IBI
20210427-1300-jadetweile,56.38506461,Regular_IBI
20210427-1315-jeremmille,89.40909005,Regular_IBI
20210427-1320-tdaley,89.19410389,Regular_IBI
20210427-1330-jadetweile,55.58518055,Regular_IBI
20210427-1445-tdaley,50.93866278,Regular_IBI
20210428-0800-dushull,58.17357278,Regular_IBI
20210428-0848-dushull,90.21602272,Regular_IBI
20210428-0920-rwhiteash,95.3017781,Regular_IBI
20210428-1005-rwhiteash,80.71922635,Regular_IBI
20210428-1105-dushull,66.84912706,Regular_IBI
20210428-1130-jlorson,56.01404335,Regular_IBI
20210428-1145-tdaley,91.16511467,Regular_IBI
20210428-1300-jlorson,52.05219435,Regular_IBI
20210428-1320-tdaley,31.862916,Regular_IBI
20210428-1410-jlorson,20.64617044,Regular_IBI
20210428-1440-tdaley,45.33568226,Regular_IBI
20210428-1630-tdaley,62.04767984,Regular_IBI
20210429-0840-rwhiteash,99.15861001,Regular_IBI
20210429-1100-jadetweile,62.10691527,Regular_IBI
20210430-1245-tdaley,86.03576175,Regular_IBI
20210503-1000-drebuck,88.17003907,Regular_IBI
20210503-1225-drebuck,50.96525731,Regular_IBI
20210504-0900-jadetweile,10.09150816,Regular_IBI
20210504-1000-jadetweile,10.65076611,Regular_IBI
20210504-1305-tdaley,91.34955464,Regular_IBI
20210505-0713-twertz,90.54244633,Regular_IBI
20210505-0757-mshank,86.81961307,Regular_IBI
20210505-0833-twertz,82.80246967,Regular_IBI
20210505-1014-mshank,57.57946,Regular_IBI
20210506-0930-jadetweile,13.96885395,Regular_IBI
20210506-1000-jadetweile,27.90721706,Regular_IBI
20210506-1325-tdaley,92.06538975,Regular_IBI
20210506-1655-tdaley,81.90342513,Regular_IBI
20210510-1305-drebuck,87.42471154,Regular_IBI
20210511-0840-ebendick,87.40043842,Regular_IBI
20210511-0915-jadetweile,20.14608954,Regular_IBI
20210511-1100-smeans,92.68402872,Regular_IBI
20210511-1230-smeans,84.54965561,Regular_IBI
20210512-0900-jadetweile,28.54844681,Regular_IBI
20210512-0930-jadetweile,24.82886199,Regular_IBI
20210512-1115-jadetweile,32.3657654,Regular_IBI
20210513-0955-drebuck,49.73997144,Regular_IBI
20210513-1420-drebuck,61.55593806,Regular_IBI
20210514-1115-tdaley,84.05913267,Regular_IBI
20210514-1210-tdaley,90.7532893,Regular_IBI
20210517-1000-jagrassi,63.01276338,Regular_IBI
20210517-1110-drebuck,61.93847907,Regular_IBI
20210517-1230-jagrassi,75.89795522,Regular_IBI
20210517-1240-drebuck,77.66069718,Regular_IBI
20210517-1430-drebuck,77.48732177,Regular_IBI
20210518-0930-jagrassi,53.80363805,Regular_IBI
20210518-0945-jadetweile,41.464741,Regular_IBI
20210518-1030-jagrassi,79.9427783,Regular_IBI
20210518-1045-jadetweile,22.21938066,Regular_IBI
20210519-0732-dushull,88.25117576,Regular_IBI
20210519-0906-dushull,62.5629957,Regular_IBI
20210519-0915-jadetweile,38.88556013,Regular_IBI
20210519-1008-dushull,61.67107617,Regular_IBI
20210519-1030-jagrassi,62.9905331,Regular_IBI
20210519-1200-jagrassi,60.48056021,Regular_IBI
20210520-0900-jagrassi,59.28084681,Regular_IBI
20210520-0930-jagrassi,70.97102158,Regular_IBI
20210520-1015-drebuck,104.8262586,Regular_IBI
20210520-1030-jagrassi,56.52700314,Regular_IBI
20210520-1100-jadetweile,15.33043235,Regular_IBI
20210520-1200-jadetweile,12.13398402,Regular_IBI
20210520-1230-jagrassi,58.46170902,Regular_IBI
20210520-1300-drebuck,85.41816209,Regular_IBI
20210524-0604-mshank,86.30689424,Regular_IBI
20210524-0801-mshank,85.95106008,Regular_IBI
20210524-1110-mshank,55.31178263,Regular_IBI
20210524-1130-jagrassi,46.49090145,Regular_IBI
20210525-0800-jagrassi,40.55055898,Regular_IBI
20210525-0830-jagrassi,54.24519848,Regular_IBI
20210525-1000-jagrassi,67.68928134,Regular_IBI
20210525-1145-jeremmille,91.4862522,Regular_IBI
20210601-0916-mshank,92.92792908,Regular_IBI
20210603-1040-tdaley,29.41746643,Regular_IBI
20210603-1155-tdaley,34.59557503,Regular_IBI
20210603-1240-tdaley,39.53096077,Regular_IBI
20210603-1320-tdaley,19.39842238,Regular_IBI
20210608-1040-recope,15.96410926,Regular_IBI
20210608-1230-recope,32.78424945,Regular_IBI
20210701-1015-jeremmille,74.21602071,Regular_IBI
20210701-1215-jeremmille,92.06340544,Regular_IBI
20210715-1345-tdaley,70.2733778,Regular_IBI
20210726-1145-jeremmille,75.54313997,Regular_IBI
20210726-1330-jeremmille,78.43669947,Regular_IBI
20210802-1005-drebuck,65.63495062,Regular_IBI
20210806-1020-drebuck,39.27785925,Regular_IBI
20210806-1250-drebuck,39.10702212,Regular_IBI
20210806-1425-drebuck,43.73253341,Regular_IBI
20210811-1130-ebendick,87.14490018,Regular_IBI
20210825-1100-jagrassi,50.73422778,Regular_IBI
20210825-1230-jagrassi,45.61526737,Regular_IBI
20210826-1000-jagrassi,32.1811738,Regular_IBI
20210826-1100-jagrassi,35.58365472,Regular_IBI
20210831-1015-jeremmille,85.25004655,Regular_IBI
20210831-1230-jeremmille,77.73691807,Regular_IBI
20210930-0945-jeremmille,79.28351598,Regular_IBI
20210930-1130-jeremmille,84.94172615,Regular_IBI
20211005-1015-jlorson,67.50529084,Regular_IBI
20211005-1100-jlorson,65.57400262,Regular_IBI
20211012-1015-jlorson,65.77251027,Regular_IBI
20211012-1100-jlorson,84.43013621,Regular_IBI
20211025-1120-jlorson,71.07827726,Regular_IBI
20211104-1116-slott,65.3066631,Regular_IBI
20211116-0945-ablascovic,65.28805434,Regular_IBI
20211116-1015-ablascovic,66.10051365,Regular_IBI
20211116-1045-ablascovic,44.12387302,Regular_IBI
20211116-1115-ablascovic,33.78826574,Regular_IBI
20211116-1130-jeremmille,88.73475813,Regular_IBI
20211116-1330-jeremmille,94.21874352,Regular_IBI
20211117-0845-ablascovic,56.6950263,Regular_IBI
20211117-0920-ablascovic,58.69348257,Regular_IBI
20211117-1045-ablascovic,59.43623801,Regular_IBI
20211117-1130-ablascovic,48.72878132,Regular_IBI
20211117-1200-ablascovic,66.78194867,Regular_IBI
20211118-1230-tdaley,79.77943385,Regular_IBI
20211118-1305-tdaley,76.33588367,Regular_IBI
20211118-1315-tdaley,70.56829392,Regular_IBI
20211118-1350-tdaley,67.29838383,Regular_IBI
20211118-1440-tdaley,69.27081454,Regular_IBI
20211122-1230-smeans,87.35761528,Regular_IBI
20211123-0952-dushull,100.1834593,Regular_IBI
20211123-1124-dushull,79.4421768,Regular_IBI
20211123-1210-dushull,78.3205444,Regular_IBI
20211123-1455-tdaley,64.94931761,Regular_IBI
20211129-1000-jeremmille,52.88524932,Regular_IBI
20211129-1100-jeremmille,55.17589019,Regular_IBI
20211129-1200-jeremmille,70.11345873,Regular_IBI
20211129-1300-jeremmille,47.84726887,Regular_IBI
20211129-1400-jeremmille,96.60934566,Regular_IBI
20211130-1015-jeremmille,73.32020845,Regular_IBI
20211130-1130-jeremmille,79.98805321,Regular_IBI
20211130-1245-jeremmille,69.27953636,Regular_IBI
20211130-1345-jeremmille,78.19686643,Regular_IBI
20211201-0800-twertz,75.33571128,Regular_IBI
20211201-0900-twertz,97.73562445,Regular_IBI
20211201-1230-tdaley,66.97551155,Regular_IBI
20211201-1345-tdaley,60.71020422,Regular_IBI
20211202-0930-jeremmille,96.28724067,Regular_IBI
20211202-1030-jeremmille,89.71855798,Regular_IBI
20211202-1145-jeremmille,42.85312289,Regular_IBI
20211202-1230-jeremmille,70.12610462,Regular_IBI
20211202-1330-jeremmille,50.37835998,Regular_IBI
20211206-1000-jeremmille,53.47067559,Regular_IBI
20211206-1100-kstaudenme,44.10963752,Regular_IBI
20211206-1200-jeremmille,38.05238028,Regular_IBI
20211206-1245-jeremmille,27.78949475,Regular_IBI
20211206-1330-jeremmille,89.39460165,Regular_IBI
20211208-0945-ablascovic,34.20535683,Regular_IBI
20211208-1015-ablascovic,57.3908349,Regular_IBI
20211208-1115-ablascovic,31.5765716,Regular_IBI
20211209-0930-ablascovic,71.9417267,Regular_IBI
20211209-1000-ablascovic,65.18968314,Regular_IBI
20211209-1130-ablascovic,48.59483375,Regular_IBI
20211209-1200-ablascovic,34.82618784,Regular_IBI
20211213-0900-ablascovic,52.41239116,Regular_IBI
20211213-0945-jeremmille,52.79004862,Regular_IBI
20211213-1000-ablascovic,61.42526876,Regular_IBI
20211213-1045-jeremmille,60.65762048,Regular_IBI
20211213-1100-ablascovic,55.15352045,Regular_IBI
20211213-1200-jeremmille,51.40902018,Regular_IBI
20211213-1300-jeremmille,44.37804014,Regular_IBI
20211213-1345-jeremmille,53.98602252,Regular_IBI
20211214-0945-jagrassi,91.04112774,Regular_IBI
20211214-1120-tdaley,56.94970543,Regular_IBI
20211214-1130-jeremmille,28.8453021,Regular_IBI
20211214-1245-jagrassi,88.41616373,Regular_IBI
20211214-1245-jeremmille,41.75733822,Regular_IBI
20211214-1305-tdaley,94.18488205,Regular_IBI
20211214-1415-jeremmille,53.18664357,Regular_IBI
20211214-1515-jeremmille,52.2910021,Regular_IBI
20211215-1030-smeans,80.38307669,Regular_IBI
20211215-1120-slott,100.8700376,Regular_IBI
20211215-1200-tdaley,105.0687154,Regular_IBI
20211216-0900-mhoger,100.8390254,Regular_IBI
20211216-0956-mshank,86.85235339,Regular_IBI
20211216-1020-tdaley,72.3811696,Regular_IBI
20211216-1046-mshank,84.77900935,Regular_IBI
20211216-1145-tdaley,59.44867717,Regular_IBI
20211216-1152-mshank,74.04824129,Regular_IBI
20211216-1310-tdaley,76.59347744,Regular_IBI
20211216-1400-tdaley,71.63272965,Regular_IBI
20211220-0845-ablascovic,57.17742013,Regular_IBI
20211220-0915-ablascovic,79.0118447,Regular_IBI
20211220-1000-jeremmille,57.14622156,Regular_IBI
20211220-1100-mhoger,60.33784836,Regular_IBI
20211220-1115-jeremmille,56.29433244,Regular_IBI
20211220-1300-jeremmille,77.73240972,Regular_IBI
20211220-1400-jeremmille,31.73613724,Regular_IBI
20211221-0900-ablascovic,54.05689413,Regular_IBI
20211221-1015-jeremmille,31.97074016,Regular_IBI
20211221-1030-ablascovic,66.71658508,Regular_IBI
20211221-1130-ablascovic,42.62899821,Regular_IBI
20211221-1145-jeremmille,25.0937937,Regular_IBI
20211221-1315-jeremmille,21.98211786,Regular_IBI
20211221-1345-jeremmille,40.48672128,Regular_IBI
20211221-1430-jeremmille,29.82098271,Regular_IBI
20211222-0287-WQN,81.25119338,Regular_IBI
20211222-1026-twertz,84.91182536,Regular_IBI
20211222-1135-tdaley,62.53985039,Regular_IBI
20211222-1220-tdaley,86.1908937,Regular_IBI
20211222-1310-tdaley,81.14593165,Regular_IBI
20211222-1355-tdaley,64.30184435,Regular_IBI
20211222-1440-tdaley,83.0609093,Regular_IBI
20211228-1000-jbrancato,56.71974458,Regular_IBI
20211228-1100-jbrancato,56.04561977,Regular_IBI
20211229-1100-smeans,78.74743892,Regular_IBI
20211229-1200-smeans,89.00861316,Regular_IBI
20211229-1300-smeans,90.30982359,Regular_IBI
20211230-0901-mshank,67.95692497,Regular_IBI
20210112-1120-tdaley,71.09750276,SPEAR_IBI
20210112-1240-tdaley,70.44305216,SPEAR_IBI
20210112-1245-jeremmille,57.90155658,SPEAR_IBI
20210112-1315-jeremmille,63.79644039,SPEAR_IBI
20210112-1345-jeremmille,58.12194828,SPEAR_IBI
20210112-1415-jeremmille,55.711044,SPEAR_IBI
20210113-0900-jeremmille,34.99609192,SPEAR_IBI
20210113-1030-jeremmille,36.45087871,SPEAR_IBI
20210113-1130-tdaley,48.87356265,SPEAR_IBI
20210113-1200-jeremmille,41.78824176,SPEAR_IBI
20210113-1225-tdaley,38.19606463,SPEAR_IBI
20210113-1345-tdaley,73.78344064,SPEAR_IBI
20210120-1315-tdaley,45.53331011,SPEAR_IBI
20210120-1405-tdaley,62.98576733,SPEAR_IBI
20210125-1215-jeremmille,65.10406553,SPEAR_IBI
20210224-1045-tdaley,56.56993574,SPEAR_IBI
20210224-1245-jlorson,31.98686974,SPEAR_IBI
20210224-1300-jlorson,49.91907521,SPEAR_IBI
20210224-1410-tdaley,51.31020596,SPEAR_IBI
20210224-1450-tdaley,52.49494662,SPEAR_IBI
20210225-1104-mshank,65.39415798,SPEAR_IBI
20210225-1115-tdaley,62.20487964,SPEAR_IBI
20210225-1235-tdaley,67.70088102,SPEAR_IBI
20210225-1356-mshank,61.51206301,SPEAR_IBI
20210225-1520-mshank,67.92801161,SPEAR_IBI
20210301-0730-twertz,69.95933504,SPEAR_IBI
20210301-0939-twertz,71.10873729,SPEAR_IBI
20210303-0930-twertz,71.45062854,SPEAR_IBI
20210303-1040-tdaley,62.73777033,SPEAR_IBI
20210303-1245-drebuck,46.1967002,SPEAR_IBI
20210303-1355-tdaley,52.49368671,SPEAR_IBI
20210304-0935-drebuck,65.07380668,SPEAR_IBI
20210304-0955-tdaley,50.40679012,SPEAR_IBI
20210304-1015-jeremmille,57.69680362,SPEAR_IBI
20210304-1115-jeremmille,53.40091647,SPEAR_IBI
20210304-1240-drebuck,63.7472942,SPEAR_IBI
20210304-1315-tdaley,34.18995626,SPEAR_IBI
20210304-1430-drebuck,54.82281081,SPEAR_IBI
20210305-0950-drebuck,40.64747674,SPEAR_IBI
20210305-1230-drebuck,40.34469195,SPEAR_IBI
20210308-1125-drebuck,64.22180851,SPEAR_IBI
20210308-1410-drebuck,55.41131253,SPEAR_IBI
20210309-1025-ablascovic,48.83553328,SPEAR_IBI
20210309-1045-ablascovic,25.59890541,SPEAR_IBI
20210309-1130-ablascovic,54.01860387,SPEAR_IBI
20210309-1220-tdaley,51.16852328,SPEAR_IBI
20210309-1340-tdaley,53.74067337,SPEAR_IBI
20210310-0287-WQN,48.1082748,SPEAR_IBI
20210310-0918-mshank,61.45026652,SPEAR_IBI
20210310-1100-drebuck,39.8500428,SPEAR_IBI
20210310-1300-drebuck,40.10983844,SPEAR_IBI
20210310-1515-drebuck,52.10281235,SPEAR_IBI
20210311-1040-drebuck,20.97123489,SPEAR_IBI
20210311-1045-tdaley,43.14766794,SPEAR_IBI
20210311-1225-tdaley,67.02979331,SPEAR_IBI
20210311-1305-drebuck,18.1995482,SPEAR_IBI
20210311-1315-tdaley,35.43396978,SPEAR_IBI
20210315-1005-drebuck,34.71378514,SPEAR_IBI
20210315-1100-smeans,50.65362283,SPEAR_IBI
20210315-1220-drebuck,50.06745393,SPEAR_IBI
20210315-1440-drebuck,42.51480579,SPEAR_IBI
20210317-1000-drebuck,44.70721916,SPEAR_IBI
20210317-1100-smeans,52.21560324,SPEAR_IBI
20210317-1230-drebuck,46.1463677,SPEAR_IBI
20210319-1015-drebuck,53.32222876,SPEAR_IBI
20210319-1220-drebuck,49.64960185,SPEAR_IBI
20210319-1400-drebuck,61.94545574,SPEAR_IBI
20210322-1045-drebuck,54.77418093,SPEAR_IBI
20210322-1240-drebuck,58.1134438,SPEAR_IBI
20210322-1430-drebuck,63.56348898,SPEAR_IBI
20210323-0900-jagrassi,65.3738168,SPEAR_IBI
20210323-1030-smeans,39.63363354,SPEAR_IBI
20210323-1055-drebuck,61.65306965,SPEAR_IBI
20210323-1200-jagrassi,53.35065516,SPEAR_IBI
20210323-1250-tdaley,38.28121723,SPEAR_IBI
20210323-1330-jagrassi,52.58196046,SPEAR_IBI
20210323-1345-tdaley,33.88150985,SPEAR_IBI
20210323-1435-tdaley,35.605237,SPEAR_IBI
20210323-1550-tdaley,57.53092079,SPEAR_IBI
20210324-0945-rspear,31.56854444,SPEAR_IBI
20210324-1000-jagrassi,37.81992406,SPEAR_IBI
20210324-1045-jadetweile,40.09517178,SPEAR_IBI
20210324-1100-smeans,58.9871553,SPEAR_IBI
20210325-1045-drebuck,59.47485003,SPEAR_IBI
20210325-1235-drebuck,62.59990991,SPEAR_IBI
20210325-1500-drebuck,16.73182187,SPEAR_IBI
20210329-0945-jagrassi,64.92375578,SPEAR_IBI
20210329-1030-jagrassi,54.59028807,SPEAR_IBI
20210330-1000-jagrassi,57.5869097,SPEAR_IBI
20210330-1100-jagrassi,57.22656994,SPEAR_IBI
20210330-1215-jeremmille,64.52127032,SPEAR_IBI
20210330-1230-jagrassi,47.69169061,SPEAR_IBI
20210331-1345-tdaley,39.8637867,SPEAR_IBI
20210331-1415-tdaley,34.73037812,SPEAR_IBI
20210405-1037-rwhiteash,51.15780657,SPEAR_IBI
20210405-1140-mshank,55.37934972,SPEAR_IBI
20210405-1335-mshank,49.36178879,SPEAR_IBI
20210405-1436-rwhiteash,55.58705538,SPEAR_IBI
20210406-0730-dushull,57.50741363,SPEAR_IBI
20210406-0835-dushull,52.32833056,SPEAR_IBI
20210406-1015-jagrassi,67.91165066,SPEAR_IBI
20210406-1017-mshank,54.79257685,SPEAR_IBI
20210406-1105-dushull,48.26488825,SPEAR_IBI
20210406-1205-dushull,47.53309419,SPEAR_IBI
20210406-1300-jagrassi,53.94714466,SPEAR_IBI
20210406-1400-dushull,45.68523087,SPEAR_IBI
20210407-0849-rwhiteash,39.00163483,SPEAR_IBI
20210407-0945-HuntingdonCCD,38.55784995,SPEAR_IBI
20210407-1030-jagrassi,45.33691769,SPEAR_IBI
20210407-1115-HuntingdonCCD,69.092858,SPEAR_IBI
20210407-1115-rwhiteash,51.70976037,SPEAR_IBI
20210407-1215-HuntingdonCCD,49.34438936,SPEAR_IBI
20210407-1227-mhoger,36.87912952,SPEAR_IBI
20210407-1300-jagrassi,55.16757452,SPEAR_IBI
20210407-1313-rwhiteash,49.98660548,SPEAR_IBI
20210407-1315-HuntingdonCCD,48.52027802,SPEAR_IBI
20210407-1430-HuntingdonCCD,47.62375777,SPEAR_IBI
20210407-1530-HuntingdonCCD,46.43569761,SPEAR_IBI
20210408-0845-mhoger,63.04678706,SPEAR_IBI
20210408-0930-rwhiteash,48.78672996,SPEAR_IBI
20210408-1101-mhoger,56.91551365,SPEAR_IBI
20210408-1251-mhoger,49.79472311,SPEAR_IBI
20210412-1000-mbrickner,39.9280471,SPEAR_IBI
20210412-1130-mbrickner,38.1401688,SPEAR_IBI
20210412-1230-mbrickner,38.29892582,SPEAR_IBI
20210412-1330-mbrickner,56.19167592,SPEAR_IBI
20210412-1530-mbrickner,60.25889349,SPEAR_IBI
20210413-0742-mshank,50.49765691,SPEAR_IBI
20210413-0805-rwhiteash,60.43101282,SPEAR_IBI
20210413-0955-drebuck,60.2152145,SPEAR_IBI
20210413-0958-mshank,58.28066289,SPEAR_IBI
20210413-1100-rwhiteash,56.01672464,SPEAR_IBI
20210413-1146-mshank,31.50507283,SPEAR_IBI
20210413-1200-drebuck,54.86543486,SPEAR_IBI
20210413-1236-rwhiteash,21.88160931,SPEAR_IBI
20210413-1328-mshank,62.51883922,SPEAR_IBI
20210413-1410-drebuck,62.93616169,SPEAR_IBI
20210414-0742-rwhiteash,43.62005501,SPEAR_IBI
20210414-0900-mbrickner,63.4010242,SPEAR_IBI
20210414-0904-rwhiteash,51.35993018,SPEAR_IBI
20210414-0923-twertz,62.24588047,SPEAR_IBI
20210414-0940-drebuck,40.50542017,SPEAR_IBI
20210414-1023-rwhiteash,52.982397,SPEAR_IBI
20210414-1027-twertz,61.00544939,SPEAR_IBI
20210414-1030-jbrancato,76.07464569,SPEAR_IBI
20210414-1040-smeans,72.83581275,SPEAR_IBI
20210414-1115-jbrancato,64.74907321,SPEAR_IBI
20210414-1158-rwhiteash,52.73472713,SPEAR_IBI
20210414-1230-jbrancato,83.1337338,SPEAR_IBI
20210414-1300-smeans,70.47393584,SPEAR_IBI
20210414-1315-jbrancato,66.07309342,SPEAR_IBI
20210414-1337-rwhiteash,54.45739471,SPEAR_IBI
20210414-1345-drebuck,46.67603932,SPEAR_IBI
20210415-0728-rwhiteash,57.89016115,SPEAR_IBI
20210415-0755-shawnmille,51.70907166,SPEAR_IBI
20210415-0838-rwhiteash,54.9557559,SPEAR_IBI
20210415-0900-shawnmille,62.71431852,SPEAR_IBI
20210415-0930-smeans,54.39585535,SPEAR_IBI
20210415-1015-rwhiteash,59.51110978,SPEAR_IBI
20210415-1030-jbrancato,58.27597355,SPEAR_IBI
20210415-1030-smeans,47.33835117,SPEAR_IBI
20210415-1035-dushull,48.93046896,SPEAR_IBI
20210415-1110-dushull,53.45419029,SPEAR_IBI
20210415-1115-jbrancato,63.83595751,SPEAR_IBI
20210415-1215-dushull,59.38873947,SPEAR_IBI
20210415-1230-efilip,24.9903145,SPEAR_IBI
20210415-1430-efilip,33.57437072,SPEAR_IBI
20210415-1510-efilip,28.35990111,SPEAR_IBI
20210419-0703-mshank,62.69264079,SPEAR_IBI
20210419-0725-twertz,60.38538862,SPEAR_IBI
20210419-0821-twertz,68.58437153,SPEAR_IBI
20210419-0900-MifflinCCD,27.03053581,SPEAR_IBI
20210419-0923-twertz,56.91541538,SPEAR_IBI
20210419-0930-jagrassi,32.43765002,SPEAR_IBI
20210419-1020-jadetweile,21.93299966,SPEAR_IBI
20210419-1030-jagrassi,38.82187843,SPEAR_IBI
20210419-1030-smeans,64.41411827,SPEAR_IBI
20210419-1055-jadetweile,41.97883038,SPEAR_IBI
20210419-1100-MifflinCCD,38.61071752,SPEAR_IBI
20210419-1155-mshank,65.95894825,SPEAR_IBI
20210419-1248-mshank,57.14317577,SPEAR_IBI
20210419-1312-mshank,61.47531535,SPEAR_IBI
20210419-1330-MifflinCCD,43.5566837,SPEAR_IBI
20210419-1500-MifflinCCD,41.0338936,SPEAR_IBI
20210420-0900-MifflinCCD,37.68435855,SPEAR_IBI
20210420-1015-MifflinCCD,37.81710874,SPEAR_IBI
20210420-1115-jbrancato,46.64248427,SPEAR_IBI
20210420-1130-jadetweile,21.78363509,SPEAR_IBI
20210420-1130-MifflinCCD,41.44738332,SPEAR_IBI
20210420-1330-MifflinCCD,39.77212242,SPEAR_IBI
20210420-1500-MifflinCCD,41.99589573,SPEAR_IBI
20210421-0900-MifflinCCD,51.41156033,SPEAR_IBI
20210421-1000-MifflinCCD,56.09345825,SPEAR_IBI
20210421-1115-MifflinCCD,49.44524104,SPEAR_IBI
20210421-1230-MifflinCCD,41.55737365,SPEAR_IBI
20210421-1345-MifflinCCD,46.63082045,SPEAR_IBI
20210421-1445-MifflinCCD,53.53762921,SPEAR_IBI
20210422-0627-mshank,71.70656028,SPEAR_IBI
20210422-0741-mshank,56.73823193,SPEAR_IBI
20210422-0828-mshank,60.33392205,SPEAR_IBI
20210422-0830-MifflinCCD,50.49470837,SPEAR_IBI
20210422-0942-mshank,66.20774547,SPEAR_IBI
20210422-1000-MifflinCCD,28.26581068,SPEAR_IBI
20210422-1045-jadetweile,58.70031644,SPEAR_IBI
20210422-1049-mshank,55.98160616,SPEAR_IBI
20210422-1100-HuntingdonCCD,51.73223181,SPEAR_IBI
20210422-1130-jadetweile,62.96346051,SPEAR_IBI
20210422-1205-mshank,60.50226523,SPEAR_IBI
20210422-1215-jbrancato,78.18309792,SPEAR_IBI
20210422-1230-HuntingdonCCD,27.84210465,SPEAR_IBI
20210422-1230-jadetweile,46.78157727,SPEAR_IBI
20210422-1320-mshank,66.73495362,SPEAR_IBI
20210422-1330-HuntingdonCCD,51.35706227,SPEAR_IBI
20210423-1000-jagrassi,51.89274112,SPEAR_IBI
20210426-0945-jadetweile,44.44727099,SPEAR_IBI
20210426-1030-jadetweile,58.21102211,SPEAR_IBI
20210426-1045-smeans,63.93063471,SPEAR_IBI
20210427-0626-mshank,62.8006629,SPEAR_IBI
20210427-0703-twertz,56.8844759,SPEAR_IBI
20210427-0802-mshank,53.62228979,SPEAR_IBI
20210427-0842-twertz,56.78258525,SPEAR_IBI
20210427-0927-mshank,67.94983755,SPEAR_IBI
20210427-1000-jadetweile,54.3486456,SPEAR_IBI
20210427-1000-twertz,59.59667827,SPEAR_IBI
20210427-1011-tdaley,59.32183455,SPEAR_IBI
20210427-1030-jaygerber,49.85586462,SPEAR_IBI
20210427-1100-jadetweile,53.02480569,SPEAR_IBI
20210427-1100-jaygerber,48.38840057,SPEAR_IBI
20210427-1130-jadetweile,63.48860307,SPEAR_IBI
20210427-1142-mshank,53.85537148,SPEAR_IBI
20210427-1200-jadetweile,50.0269655,SPEAR_IBI
20210427-1213-twertz,62.20992505,SPEAR_IBI
20210427-1252-mshank,61.87625998,SPEAR_IBI
20210427-1300-jadetweile,59.59586896,SPEAR_IBI
20210427-1315-jeremmille,64.71183401,SPEAR_IBI
20210427-1320-tdaley,67.29558048,SPEAR_IBI
20210427-1330-jadetweile,52.10058058,SPEAR_IBI
20210427-1445-tdaley,44.00797907,SPEAR_IBI
20210428-0800-dushull,41.40208318,SPEAR_IBI
20210428-0848-dushull,62.51913616,SPEAR_IBI
20210428-0920-rwhiteash,66.12759155,SPEAR_IBI
20210428-1005-rwhiteash,58.33317655,SPEAR_IBI
20210428-1105-dushull,48.63191614,SPEAR_IBI
20210428-1130-jlorson,63.11240254,SPEAR_IBI
20210428-1145-tdaley,66.93087771,SPEAR_IBI
20210428-1300-jlorson,48.51784698,SPEAR_IBI
20210428-1320-tdaley,30.53531709,SPEAR_IBI
20210428-1410-jlorson,34.05075019,SPEAR_IBI
20210428-1440-tdaley,35.83095622,SPEAR_IBI
20210428-1630-tdaley,43.11180932,SPEAR_IBI
20210429-0840-rwhiteash,64.14498635,SPEAR_IBI
20210429-1100-jadetweile,58.67589627,SPEAR_IBI
20210430-1245-tdaley,58.0988656,SPEAR_IBI
20210503-1000-drebuck,64.8944111,SPEAR_IBI
20210503-1225-drebuck,40.76764031,SPEAR_IBI
20210504-0900-jadetweile,25.78515359,SPEAR_IBI
20210504-1000-jadetweile,28.29769999,SPEAR_IBI
20210504-1305-tdaley,56.3409519,SPEAR_IBI
20210505-0713-twertz,62.204224,SPEAR_IBI
20210505-0757-mshank,61.07994365,SPEAR_IBI
20210505-0833-twertz,64.15701303,SPEAR_IBI
20210505-1014-mshank,52.92165796,SPEAR_IBI
20210506-0930-jadetweile,29.08555813,SPEAR_IBI
20210506-1000-jadetweile,35.84383242,SPEAR_IBI
20210506-1325-tdaley,60.78301187,SPEAR_IBI
20210506-1655-tdaley,52.84749287,SPEAR_IBI
20210510-1305-drebuck,64.84893927,SPEAR_IBI
20210511-0840-ebendick,60.82807667,SPEAR_IBI
20210511-0915-jadetweile,29.72649385,SPEAR_IBI
20210511-1100-smeans,67.39700857,SPEAR_IBI
20210511-1230-smeans,62.97994958,SPEAR_IBI
20210512-0900-jadetweile,40.4432346,SPEAR_IBI
20210512-0930-jadetweile,31.26295764,SPEAR_IBI
20210512-1115-jadetweile,40.23670425,SPEAR_IBI
20210513-0955-drebuck,40.76735669,SPEAR_IBI
20210513-1420-drebuck,43.17216821,SPEAR_IBI
20210514-1115-tdaley,58.78245365,SPEAR_IBI
20210514-1210-tdaley,66.33172292,SPEAR_IBI
20210517-1000-jagrassi,59.81020384,SPEAR_IBI
20210517-1110-drebuck,49.53399996,SPEAR_IBI
20210517-1230-jagrassi,62.84592971,SPEAR_IBI
20210517-1240-drebuck,58.28141225,SPEAR_IBI
20210517-1430-drebuck,53.48589405,SPEAR_IBI
20210518-0930-jagrassi,52.69784352,SPEAR_IBI
20210518-0945-jadetweile,45.90325465,SPEAR_IBI
20210518-1030-jagrassi,66.3035598,SPEAR_IBI
20210518-1045-jadetweile,28.64218075,SPEAR_IBI
20210519-0732-dushull,60.70297239,SPEAR_IBI
20210519-0906-dushull,54.98848505,SPEAR_IBI
20210519-0915-jadetweile,45.40805506,SPEAR_IBI
20210519-1008-dushull,55.90102205,SPEAR_IBI
20210519-1030-jagrassi,49.55045786,SPEAR_IBI
20210519-1200-jagrassi,48.0962795,SPEAR_IBI
20210520-0900-jagrassi,54.30863153,SPEAR_IBI
20210520-0930-jagrassi,55.20915137,SPEAR_IBI
20210520-1015-drebuck,55.20915137,SPEAR_IBI
20210520-1030-jagrassi,52.37926262,SPEAR_IBI
20210520-1100-jadetweile,27.66212215,SPEAR_IBI
20210520-1200-jadetweile,27.25090199,SPEAR_IBI
20210520-1230-jagrassi,51.68900522,SPEAR_IBI
20210520-1300-drebuck,55.94058454,SPEAR_IBI
20210524-0604-mshank,64.66369446,SPEAR_IBI
20210524-0801-mshank,62.75681242,SPEAR_IBI
20210524-1110-mshank,49.99791665,SPEAR_IBI
20210524-1130-jagrassi,46.40324288,SPEAR_IBI
20210525-0800-jagrassi,50.30767142,SPEAR_IBI
20210525-0830-jagrassi,52.83176217,SPEAR_IBI
20210525-1000-jagrassi,59.65866705,SPEAR_IBI
20210525-1145-jeremmille,68.4440999,SPEAR_IBI
20210601-0916-mshank,62.5676866,SPEAR_IBI
20210603-1040-tdaley,34.16394616,SPEAR_IBI
20210603-1155-tdaley,41.74571739,SPEAR_IBI
20210603-1240-tdaley,41.42705458,SPEAR_IBI
20210603-1320-tdaley,30.89983047,SPEAR_IBI
20210608-1040-recope,21.08661406,SPEAR_IBI
20210608-1230-recope,44.12954915,SPEAR_IBI
20210701-1015-jeremmille,63.10042915,SPEAR_IBI
20210701-1215-jeremmille,70.46143846,SPEAR_IBI
20210715-1345-tdaley,59.57873893,SPEAR_IBI
20210726-1145-jeremmille,63.27464605,SPEAR_IBI
20210726-1330-jeremmille,65.91800646,SPEAR_IBI
20210802-1005-drebuck,56.56816554,SPEAR_IBI
20210806-1020-drebuck,39.44593332,SPEAR_IBI
20210806-1250-drebuck,42.57063154,SPEAR_IBI
20210806-1425-drebuck,40.17508234,SPEAR_IBI
20210811-1130-ebendick,38.80519297,SPEAR_IBI
20210825-1100-jagrassi,45.12950845,SPEAR_IBI
20210825-1230-jagrassi,37.57571599,SPEAR_IBI
20210826-1000-jagrassi,31.48514888,SPEAR_IBI
20210826-1100-jagrassi,33.70026582,SPEAR_IBI
20210831-1015-jeremmille,70.53854064,SPEAR_IBI
20210831-1230-jeremmille,60.96743342,SPEAR_IBI
20210930-0945-jeremmille,60.69335318,SPEAR_IBI
20210930-1130-jeremmille,68.01337581,SPEAR_IBI
20211005-1015-jlorson,49.10161831,SPEAR_IBI
20211005-1100-jlorson,51.11100072,SPEAR_IBI
20211012-1015-jlorson,54.10866683,SPEAR_IBI
20211012-1100-jlorson,66.28136759,SPEAR_IBI
20211025-1120-jlorson,61.57426959,SPEAR_IBI
20211104-1116-slott,59.73186282,SPEAR_IBI
20211116-0945-ablascovic,51.36241434,SPEAR_IBI
20211116-1015-ablascovic,58.77912269,SPEAR_IBI
20211116-1045-ablascovic,43.56832361,SPEAR_IBI
20211116-1115-ablascovic,38.71826086,SPEAR_IBI
20211116-1130-jeremmille,65.92833254,SPEAR_IBI
20211116-1330-jeremmille,74.01546609,SPEAR_IBI
20211117-0845-ablascovic,60.305792,SPEAR_IBI
20211117-0920-ablascovic,49.56176213,SPEAR_IBI
20211117-1045-ablascovic,51.77834552,SPEAR_IBI
20211117-1130-ablascovic,51.15229852,SPEAR_IBI
20211117-1200-ablascovic,64.04268226,SPEAR_IBI
20211118-1230-tdaley,64.85359364,SPEAR_IBI
20211118-1305-tdaley,68.57142988,SPEAR_IBI
20211118-1315-tdaley,60.04547267,SPEAR_IBI
20211118-1350-tdaley,56.9060805,SPEAR_IBI
20211118-1440-tdaley,63.52451475,SPEAR_IBI
20211122-1230-smeans,54.88368955,SPEAR_IBI
20211123-0952-dushull,69.53160083,SPEAR_IBI
20211123-1124-dushull,70.15389128,SPEAR_IBI
20211123-1210-dushull,76.97576824,SPEAR_IBI
20211123-1455-tdaley,53.84701616,SPEAR_IBI
20211129-1000-jeremmille,51.2739805,SPEAR_IBI
20211129-1100-jeremmille,50.07674655,SPEAR_IBI
20211129-1200-jeremmille,66.63903733,SPEAR_IBI
20211129-1300-jeremmille,45.56645157,SPEAR_IBI
20211129-1400-jeremmille,72.49609679,SPEAR_IBI
20211130-1015-jeremmille,54.65390719,SPEAR_IBI
20211130-1130-jeremmille,71.18223926,SPEAR_IBI
20211130-1245-jeremmille,65.50478475,SPEAR_IBI
20211130-1345-jeremmille,70.50616363,SPEAR_IBI
20211201-0800-twertz,71.09999691,SPEAR_IBI
20211201-0900-twertz,72.15081345,SPEAR_IBI
20211201-1230-tdaley,57.87129236,SPEAR_IBI
20211201-1345-tdaley,57.47338177,SPEAR_IBI
20211202-0930-jeremmille,72.13630201,SPEAR_IBI
20211202-1030-jeremmille,71.12594232,SPEAR_IBI
20211202-1145-jeremmille,44.81423939,SPEAR_IBI
20211202-1230-jeremmille,60.2940351,SPEAR_IBI
20211202-1330-jeremmille,48.69112654,SPEAR_IBI
20211206-1000-jeremmille,43.68165496,SPEAR_IBI
20211206-1100-kstaudenme,48.70260624,SPEAR_IBI
20211206-1200-jeremmille,40.70355987,SPEAR_IBI
20211206-1245-jeremmille,34.25727217,SPEAR_IBI
20211206-1330-jeremmille,63.61139096,SPEAR_IBI
20211208-0945-ablascovic,39.48866047,SPEAR_IBI
20211208-1015-ablascovic,59.60821701,SPEAR_IBI
20211208-1115-ablascovic,37.35909873,SPEAR_IBI
20211209-0930-ablascovic,63.18515271,SPEAR_IBI
20211209-1000-ablascovic,61.68606283,SPEAR_IBI
20211209-1130-ablascovic,42.76815845,SPEAR_IBI
20211209-1200-ablascovic,37.5092475,SPEAR_IBI
20211213-0900-ablascovic,54.16937447,SPEAR_IBI
20211213-0945-jeremmille,47.46146641,SPEAR_IBI
20211213-1000-ablascovic,57.34433091,SPEAR_IBI
20211213-1045-jeremmille,55.1367168,SPEAR_IBI
20211213-1100-ablascovic,54.51132764,SPEAR_IBI
20211213-1200-jeremmille,51.3187626,SPEAR_IBI
20211213-1300-jeremmille,47.39589444,SPEAR_IBI
20211213-1345-jeremmille,52.58763497,SPEAR_IBI
20211214-0945-jagrassi,73.13992435,SPEAR_IBI
20211214-1120-tdaley,43.34912357,SPEAR_IBI
20211214-1130-jeremmille,40.5382488,SPEAR_IBI
20211214-1245-jagrassi,65.80664971,SPEAR_IBI
20211214-1245-jeremmille,43.13663962,SPEAR_IBI
20211214-1305-tdaley,70.55342924,SPEAR_IBI
20211214-1415-jeremmille,49.00203861,SPEAR_IBI
20211214-1515-jeremmille,50.47374092,SPEAR_IBI
20211215-1030-smeans,57.70653574,SPEAR_IBI
20211215-1120-slott,73.37922269,SPEAR_IBI
20211215-1200-tdaley,79.7929968,SPEAR_IBI
20211216-0900-mhoger,68.87311393,SPEAR_IBI
20211216-0956-mshank,73.14111542,SPEAR_IBI
20211216-1020-tdaley,49.60526816,SPEAR_IBI
20211216-1046-mshank,68.34768345,SPEAR_IBI
20211216-1145-tdaley,45.40324297,SPEAR_IBI
20211216-1152-mshank,61.92341085,SPEAR_IBI
20211216-1310-tdaley,61.44287752,SPEAR_IBI
20211216-1400-tdaley,57.25666584,SPEAR_IBI
20211220-0845-ablascovic,48.31977407,SPEAR_IBI
20211220-0915-ablascovic,64.34361708,SPEAR_IBI
20211220-1000-jeremmille,54.41773781,SPEAR_IBI
20211220-1100-mhoger,57.00705248,SPEAR_IBI
20211220-1115-jeremmille,50.40851462,SPEAR_IBI
20211220-1300-jeremmille,60.34297013,SPEAR_IBI
20211220-1400-jeremmille,38.82385205,SPEAR_IBI
20211221-0900-ablascovic,49.47084871,SPEAR_IBI
20211221-1015-jeremmille,35.03910764,SPEAR_IBI
20211221-1030-ablascovic,58.75613499,SPEAR_IBI
20211221-1130-ablascovic,37.09424909,SPEAR_IBI
20211221-1145-jeremmille,32.77204012,SPEAR_IBI
20211221-1315-jeremmille,26.35654894,SPEAR_IBI
20211221-1345-jeremmille,46.12904873,SPEAR_IBI
20211221-1430-jeremmille,53.92132015,SPEAR_IBI
20211222-0287-WQN,53.64237617,SPEAR_IBI
20211222-1026-twertz,69.60705877,SPEAR_IBI
20211222-1135-tdaley,59.10543586,SPEAR_IBI
20211222-1220-tdaley,62.65227777,SPEAR_IBI
20211222-1310-tdaley,67.32333876,SPEAR_IBI
20211222-1355-tdaley,57.35656703,SPEAR_IBI
20211222-1440-tdaley,62.85959009,SPEAR_IBI
20211228-1000-jbrancato,52.91146708,SPEAR_IBI
20211228-1100-jbrancato,56.89976667,SPEAR_IBI
20211229-1100-smeans,63.06592063,SPEAR_IBI
20211229-1200-smeans,73.19126678,SPEAR_IBI
20211229-1300-smeans,64.12895316,SPEAR_IBI
20211230-0901-mshank,68.40093916,SPEAR_IBI
20210112-1120-tdaley,67.51528314,IBI_Adjusted_Abundance_
20210112-1240-tdaley,69.05574686,IBI_Adjusted_Abundance_
20210112-1245-jeremmille,67.62225187,IBI_Adjusted_Abundance_
20210112-1315-jeremmille,58.63382186,IBI_Adjusted_Abundance_
20210112-1345-jeremmille,48.82662984,IBI_Adjusted_Abundance_
20210112-1415-jeremmille,51.94485024,IBI_Adjusted_Abundance_
20210113-0900-jeremmille,34.30308979,IBI_Adjusted_Abundance_
20210113-1030-jeremmille,33.10984053,IBI_Adjusted_Abundance_
20210113-1130-tdaley,49.95265468,IBI_Adjusted_Abundance_
20210113-1200-jeremmille,39.97071229,IBI_Adjusted_Abundance_
20210113-1225-tdaley,34.26453782,IBI_Adjusted_Abundance_
20210113-1345-tdaley,82.60253156,IBI_Adjusted_Abundance_
20210120-1315-tdaley,41.61643223,IBI_Adjusted_Abundance_
20210120-1405-tdaley,57.21188669,IBI_Adjusted_Abundance_
20210125-1215-jeremmille,72.67453798,IBI_Adjusted_Abundance_
20210224-1045-tdaley,51.41078015,IBI_Adjusted_Abundance_
20210224-1245-jlorson,31.26610701,IBI_Adjusted_Abundance_
20210224-1300-jlorson,55.63944818,IBI_Adjusted_Abundance_
20210224-1410-tdaley,48.05332302,IBI_Adjusted_Abundance_
20210224-1450-tdaley,47.43450526,IBI_Adjusted_Abundance_
20210225-1104-mshank,71.6954644,IBI_Adjusted_Abundance_
20210225-1115-tdaley,55.85502321,IBI_Adjusted_Abundance_
20210225-1235-tdaley,73.50017482,IBI_Adjusted_Abundance_
20210225-1356-mshank,61.17055627,IBI_Adjusted_Abundance_
20210225-1520-mshank,64.59515944,IBI_Adjusted_Abundance_
20210301-0730-twertz,74.99507427,IBI_Adjusted_Abundance_
20210301-0939-twertz,70.35067093,IBI_Adjusted_Abundance_
20210303-0930-twertz,76.34366745,IBI_Adjusted_Abundance_
20210303-1040-tdaley,68.33379957,IBI_Adjusted_Abundance_
20210303-1245-drebuck,52.72677606,IBI_Adjusted_Abundance_
20210303-1355-tdaley,48.49298233,IBI_Adjusted_Abundance_
20210304-0935-drebuck,74.58911441,IBI_Adjusted_Abundance_
20210304-0955-tdaley,47.98016816,IBI_Adjusted_Abundance_
20210304-1015-jeremmille,69.61162013,IBI_Adjusted_Abundance_
20210304-1115-jeremmille,66.55348803,IBI_Adjusted_Abundance_
20210304-1240-drebuck,74.10894458,IBI_Adjusted_Abundance_
20210304-1315-tdaley,26.55777025,IBI_Adjusted_Abundance_
20210304-1430-drebuck,67.6138502,IBI_Adjusted_Abundance_
20210305-0950-drebuck,46.91210985,IBI_Adjusted_Abundance_
20210305-1230-drebuck,44.83420108,IBI_Adjusted_Abundance_
20210308-1125-drebuck,74.60779922,IBI_Adjusted_Abundance_
20210308-1410-drebuck,65.42575865,IBI_Adjusted_Abundance_
20210309-1025-ablascovic,38.80930914,IBI_Adjusted_Abundance_
20210309-1045-ablascovic,20.16748635,IBI_Adjusted_Abundance_
20210309-1130-ablascovic,45.77590014,IBI_Adjusted_Abundance_
20210309-1220-tdaley,54.60435953,IBI_Adjusted_Abundance_
20210309-1340-tdaley,69.16926744,IBI_Adjusted_Abundance_
20210310-0287-WQN,64.24203074,IBI_Adjusted_Abundance_
20210310-0918-mshank,81.8793784,IBI_Adjusted_Abundance_
20210310-1100-drebuck,42.40860118,IBI_Adjusted_Abundance_
20210310-1300-drebuck,34.14260705,IBI_Adjusted_Abundance_
20210310-1515-drebuck,60.2638519,IBI_Adjusted_Abundance_
20210311-1040-drebuck,20.09946511,IBI_Adjusted_Abundance_
20210311-1045-tdaley,40.14491442,IBI_Adjusted_Abundance_
20210311-1225-tdaley,73.64929185,IBI_Adjusted_Abundance_
20210311-1305-drebuck,13.70192693,IBI_Adjusted_Abundance_
20210311-1315-tdaley,36.43405131,IBI_Adjusted_Abundance_
20210315-1005-drebuck,36.85402028,IBI_Adjusted_Abundance_
20210315-1100-smeans,57.59267629,IBI_Adjusted_Abundance_
20210315-1220-drebuck,46.262161,IBI_Adjusted_Abundance_
20210315-1440-drebuck,46.04765712,IBI_Adjusted_Abundance_
20210317-1000-drebuck,48.38459903,IBI_Adjusted_Abundance_
20210317-1100-smeans,47.72475637,IBI_Adjusted_Abundance_
20210317-1230-drebuck,49.53642057,IBI_Adjusted_Abundance_
20210319-1015-drebuck,63.61010026,IBI_Adjusted_Abundance_
20210319-1220-drebuck,58.42394077,IBI_Adjusted_Abundance_
20210319-1400-drebuck,75.03532969,IBI_Adjusted_Abundance_
20210322-1045-drebuck,65.84921563,IBI_Adjusted_Abundance_
20210322-1240-drebuck,60.97071165,IBI_Adjusted_Abundance_
20210322-1430-drebuck,74.11726823,IBI_Adjusted_Abundance_
20210323-0900-jagrassi,78.81042527,IBI_Adjusted_Abundance_
20210323-1030-smeans,37.36109288,IBI_Adjusted_Abundance_
20210323-1055-drebuck,70.93235499,IBI_Adjusted_Abundance_
20210323-1200-jagrassi,61.78204789,IBI_Adjusted_Abundance_
20210323-1250-tdaley,34.8274074,IBI_Adjusted_Abundance_
20210323-1330-jagrassi,58.90091092,IBI_Adjusted_Abundance_
20210323-1345-tdaley,29.923998,IBI_Adjusted_Abundance_
20210323-1435-tdaley,35.30552902,IBI_Adjusted_Abundance_
20210323-1550-tdaley,66.31138216,IBI_Adjusted_Abundance_
20210324-0945-rspear,23.71999895,IBI_Adjusted_Abundance_
20210324-1000-jagrassi,30.56056187,IBI_Adjusted_Abundance_
20210324-1045-jadetweile,32.94414776,IBI_Adjusted_Abundance_
20210324-1100-smeans,61.14958223,IBI_Adjusted_Abundance_
20210325-1045-drebuck,65.8756,IBI_Adjusted_Abundance_
20210325-1235-drebuck,67.1285585,IBI_Adjusted_Abundance_
20210325-1500-drebuck,13.67721056,IBI_Adjusted_Abundance_
20210329-0945-jagrassi,71.75972525,IBI_Adjusted_Abundance_
20210329-1030-jagrassi,55.55037879,IBI_Adjusted_Abundance_
20210330-1000-jagrassi,65.68975085,IBI_Adjusted_Abundance_
20210330-1100-jagrassi,63.80688814,IBI_Adjusted_Abundance_
20210330-1215-jeremmille,78.95145899,IBI_Adjusted_Abundance_
20210330-1230-jagrassi,43.38540323,IBI_Adjusted_Abundance_
20210331-1345-tdaley,36.81321875,IBI_Adjusted_Abundance_
20210331-1415-tdaley,38.27012507,IBI_Adjusted_Abundance_
20210405-1037-rwhiteash,48.18131598,IBI_Adjusted_Abundance_
20210405-1140-mshank,64.28003945,IBI_Adjusted_Abundance_
20210405-1335-mshank,47.85634729,IBI_Adjusted_Abundance_
20210405-1436-rwhiteash,56.19151301,IBI_Adjusted_Abundance_
20210406-0730-dushull,54.90074177,IBI_Adjusted_Abundance_
20210406-0835-dushull,50.68658942,IBI_Adjusted_Abundance_
20210406-1015-jagrassi,77.80814568,IBI_Adjusted_Abundance_
20210406-1017-mshank,54.5506702,IBI_Adjusted_Abundance_
20210406-1105-dushull,47.51693404,IBI_Adjusted_Abundance_
20210406-1205-dushull,49.13597262,IBI_Adjusted_Abundance_
20210406-1300-jagrassi,62.87234845,IBI_Adjusted_Abundance_
20210406-1400-dushull,42.16748191,IBI_Adjusted_Abundance_
20210407-0849-rwhiteash,33.91400808,IBI_Adjusted_Abundance_
20210407-0945-HuntingdonCCD,37.40953304,IBI_Adjusted_Abundance_
20210407-1030-jagrassi,49.05097455,IBI_Adjusted_Abundance_
20210407-1115-HuntingdonCCD,72.93025779,IBI_Adjusted_Abundance_
20210407-1115-rwhiteash,60.73342995,IBI_Adjusted_Abundance_
20210407-1215-HuntingdonCCD,43.15078625,IBI_Adjusted_Abundance_
20210407-1227-mhoger,30.87793623,IBI_Adjusted_Abundance_
20210407-1300-jagrassi,47.71194983,IBI_Adjusted_Abundance_
20210407-1313-rwhiteash,46.95461696,IBI_Adjusted_Abundance_
20210407-1315-HuntingdonCCD,47.78255267,IBI_Adjusted_Abundance_
20210407-1430-HuntingdonCCD,40.38053296,IBI_Adjusted_Abundance_
20210407-1530-HuntingdonCCD,48.72869869,IBI_Adjusted_Abundance_
20210408-0845-mhoger,68.83089751,IBI_Adjusted_Abundance_
20210408-0930-rwhiteash,44.88592519,IBI_Adjusted_Abundance_
20210408-1101-mhoger,56.13426103,IBI_Adjusted_Abundance_
20210408-1251-mhoger,49.05078956,IBI_Adjusted_Abundance_
20210412-1000-mbrickner,33.3695699,IBI_Adjusted_Abundance_
20210412-1130-mbrickner,37.72370246,IBI_Adjusted_Abundance_
20210412-1230-mbrickner,36.84448861,IBI_Adjusted_Abundance_
20210412-1330-mbrickner,57.32004153,IBI_Adjusted_Abundance_
20210412-1530-mbrickner,71.77567157,IBI_Adjusted_Abundance_
20210413-0742-mshank,58.3139509,IBI_Adjusted_Abundance_
20210413-0805-rwhiteash,74.91702849,IBI_Adjusted_Abundance_
20210413-0955-drebuck,73.66852984,IBI_Adjusted_Abundance_
20210413-0958-mshank,64.82449206,IBI_Adjusted_Abundance_
20210413-1100-rwhiteash,62.14077985,IBI_Adjusted_Abundance_
20210413-1146-mshank,28.447919,IBI_Adjusted_Abundance_
20210413-1200-drebuck,64.74924357,IBI_Adjusted_Abundance_
20210413-1236-rwhiteash,21.77297582,IBI_Adjusted_Abundance_
20210413-1328-mshank,72.0322121,IBI_Adjusted_Abundance_
20210413-1410-drebuck,73.05513791,IBI_Adjusted_Abundance_
20210414-0742-rwhiteash,46.28676328,IBI_Adjusted_Abundance_
20210414-0900-mbrickner,76.90253632,IBI_Adjusted_Abundance_
20210414-0904-rwhiteash,59.6633487,IBI_Adjusted_Abundance_
20210414-0923-twertz,72.42145511,IBI_Adjusted_Abundance_
20210414-0940-drebuck,34.39617877,IBI_Adjusted_Abundance_
20210414-1023-rwhiteash,63.12881808,IBI_Adjusted_Abundance_
20210414-1027-twertz,60.74377263,IBI_Adjusted_Abundance_
20210414-1030-jbrancato,89.74622636,IBI_Adjusted_Abundance_
20210414-1040-smeans,76.05064821,IBI_Adjusted_Abundance_
20210414-1115-jbrancato,80.15531746,IBI_Adjusted_Abundance_
20210414-1158-rwhiteash,63.10946608,IBI_Adjusted_Abundance_
20210414-1230-jbrancato,91.99491335,IBI_Adjusted_Abundance_
20210414-1300-smeans,81.23230123,IBI_Adjusted_Abundance_
20210414-1315-jbrancato,71.45730813,IBI_Adjusted_Abundance_
20210414-1337-rwhiteash,67.8273014,IBI_Adjusted_Abundance_
20210414-1345-drebuck,41.3161179,IBI_Adjusted_Abundance_
20210415-0728-rwhiteash,72.60049105,IBI_Adjusted_Abundance_
20210415-0755-shawnmille,47.58968655,IBI_Adjusted_Abundance_
20210415-0838-rwhiteash,66.1306421,IBI_Adjusted_Abundance_
20210415-0900-shawnmille,64.36558009,IBI_Adjusted_Abundance_
20210415-0930-smeans,53.98376664,IBI_Adjusted_Abundance_
20210415-1015-rwhiteash,67.65748763,IBI_Adjusted_Abundance_
20210415-1030-jbrancato,64.55337585,IBI_Adjusted_Abundance_
20210415-1030-smeans,53.96409915,IBI_Adjusted_Abundance_
20210415-1035-dushull,47.31201089,IBI_Adjusted_Abundance_
20210415-1110-dushull,52.3755559,IBI_Adjusted_Abundance_
20210415-1115-jbrancato,53.06504187,IBI_Adjusted_Abundance_
20210415-1215-dushull,52.13492813,IBI_Adjusted_Abundance_
20210415-1230-efilip,20.68141364,IBI_Adjusted_Abundance_
20210415-1430-efilip,29.69252639,IBI_Adjusted_Abundance_
20210415-1510-efilip,22.34231634,IBI_Adjusted_Abundance_
20210419-0703-mshank,72.98513045,IBI_Adjusted_Abundance_
20210419-0725-twertz,68.68402857,IBI_Adjusted_Abundance_
20210419-0821-twertz,76.64360961,IBI_Adjusted_Abundance_
20210419-0900-MifflinCCD,16.33114619,IBI_Adjusted_Abundance_
20210419-0923-twertz,63.02027365,IBI_Adjusted_Abundance_
20210419-0930-jagrassi,29.5675131,IBI_Adjusted_Abundance_
20210419-1020-jadetweile,1.761637932,IBI_Adjusted_Abundance_
20210419-1030-jagrassi,31.9248371,IBI_Adjusted_Abundance_
20210419-1030-smeans,72.34035883,IBI_Adjusted_Abundance_
20210419-1055-jadetweile,27.6813794,IBI_Adjusted_Abundance_
20210419-1100-MifflinCCD,20.55906523,IBI_Adjusted_Abundance_
20210419-1155-mshank,66.76658378,IBI_Adjusted_Abundance_
20210419-1248-mshank,69.21377446,IBI_Adjusted_Abundance_
20210419-1312-mshank,71.90540496,IBI_Adjusted_Abundance_
20210419-1330-MifflinCCD,30.77164438,IBI_Adjusted_Abundance_
20210419-1500-MifflinCCD,30.98383872,IBI_Adjusted_Abundance_
20210420-0900-MifflinCCD,27.7514125,IBI_Adjusted_Abundance_
20210420-1015-MifflinCCD,33.33231942,IBI_Adjusted_Abundance_
20210420-1115-jbrancato,52.63453329,IBI_Adjusted_Abundance_
20210420-1130-jadetweile,1.416911376,IBI_Adjusted_Abundance_
20210420-1130-MifflinCCD,37.27269727,IBI_Adjusted_Abundance_
20210420-1330-MifflinCCD,34.61407356,IBI_Adjusted_Abundance_
20210420-1500-MifflinCCD,38.59345527,IBI_Adjusted_Abundance_
20210421-0900-MifflinCCD,47.26304548,IBI_Adjusted_Abundance_
20210421-1000-MifflinCCD,51.33629417,IBI_Adjusted_Abundance_
20210421-1115-MifflinCCD,43.85169322,IBI_Adjusted_Abundance_
20210421-1230-MifflinCCD,40.2973907,IBI_Adjusted_Abundance_
20210421-1345-MifflinCCD,49.05866762,IBI_Adjusted_Abundance_
20210421-1445-MifflinCCD,52.44475972,IBI_Adjusted_Abundance_
20210422-0627-mshank,79.86641451,IBI_Adjusted_Abundance_
20210422-0741-mshank,70.76025834,IBI_Adjusted_Abundance_
20210422-0828-mshank,56.92407982,IBI_Adjusted_Abundance_
20210422-0830-MifflinCCD,46.23138338,IBI_Adjusted_Abundance_
20210422-0942-mshank,75.13018089,IBI_Adjusted_Abundance_
20210422-1000-MifflinCCD,25.13484626,IBI_Adjusted_Abundance_
20210422-1045-jadetweile,57.90943416,IBI_Adjusted_Abundance_
20210422-1049-mshank,68.03366402,IBI_Adjusted_Abundance_
20210422-1100-HuntingdonCCD,52.39902071,IBI_Adjusted_Abundance_
20210422-1130-jadetweile,57.85831958,IBI_Adjusted_Abundance_
20210422-1205-mshank,64.79225406,IBI_Adjusted_Abundance_
20210422-1215-jbrancato,80.67438291,IBI_Adjusted_Abundance_
20210422-1230-HuntingdonCCD,23.13359525,IBI_Adjusted_Abundance_
20210422-1230-jadetweile,41.28448357,IBI_Adjusted_Abundance_
20210422-1320-mshank,72.73690967,IBI_Adjusted_Abundance_
20210422-1330-HuntingdonCCD,40.41292037,IBI_Adjusted_Abundance_
20210423-1000-jagrassi,60.29190734,IBI_Adjusted_Abundance_
20210426-0945-jadetweile,36.86241801,IBI_Adjusted_Abundance_
20210426-1030-jadetweile,49.22296685,IBI_Adjusted_Abundance_
20210426-1045-smeans,71.19257759,IBI_Adjusted_Abundance_
20210427-0626-mshank,70.16802519,IBI_Adjusted_Abundance_
20210427-0703-twertz,64.83122972,IBI_Adjusted_Abundance_
20210427-0802-mshank,53.38321994,IBI_Adjusted_Abundance_
20210427-0842-twertz,62.09518962,IBI_Adjusted_Abundance_
20210427-0927-mshank,71.73412484,IBI_Adjusted_Abundance_
20210427-1000-jadetweile,43.86155477,IBI_Adjusted_Abundance_
20210427-1000-twertz,68.70068236,IBI_Adjusted_Abundance_
20210427-1011-tdaley,52.46407419,IBI_Adjusted_Abundance_
20210427-1030-jaygerber,45.06187223,IBI_Adjusted_Abundance_
20210427-1100-jadetweile,40.12977926,IBI_Adjusted_Abundance_
20210427-1100-jaygerber,40.6355602,IBI_Adjusted_Abundance_
20210427-1130-jadetweile,68.2229218,IBI_Adjusted_Abundance_
20210427-1142-mshank,58.13250279,IBI_Adjusted_Abundance_
20210427-1200-jadetweile,40.0410245,IBI_Adjusted_Abundance_
20210427-1213-twertz,69.53603722,IBI_Adjusted_Abundance_
20210427-1252-mshank,67.14078871,IBI_Adjusted_Abundance_
20210427-1300-jadetweile,54.8090235,IBI_Adjusted_Abundance_
20210427-1315-jeremmille,72.71084992,IBI_Adjusted_Abundance_
20210427-1320-tdaley,78.72600049,IBI_Adjusted_Abundance_
20210427-1330-jadetweile,44.70505986,IBI_Adjusted_Abundance_
20210427-1445-tdaley,44.40010598,IBI_Adjusted_Abundance_
20210428-0800-dushull,48.90177479,IBI_Adjusted_Abundance_
20210428-0848-dushull,72.92310463,IBI_Adjusted_Abundance_
20210428-0920-rwhiteash,75.39401965,IBI_Adjusted_Abundance_
20210428-1005-rwhiteash,67.76215762,IBI_Adjusted_Abundance_
20210428-1105-dushull,56.44367841,IBI_Adjusted_Abundance_
20210428-1130-jlorson,51.93913441,IBI_Adjusted_Abundance_
20210428-1145-tdaley,72.91684508,IBI_Adjusted_Abundance_
20210428-1300-jlorson,51.58708955,IBI_Adjusted_Abundance_
20210428-1320-tdaley,28.29276733,IBI_Adjusted_Abundance_
20210428-1410-jlorson,21.0531135,IBI_Adjusted_Abundance_
20210428-1440-tdaley,41.49555572,IBI_Adjusted_Abundance_
20210428-1630-tdaley,49.7421852,IBI_Adjusted_Abundance_
20210429-0840-rwhiteash,76.92773895,IBI_Adjusted_Abundance_
20210429-1100-jadetweile,56.23469039,IBI_Adjusted_Abundance_
20210430-1245-tdaley,70.98335608,IBI_Adjusted_Abundance_
20210503-1000-drebuck,73.15204729,IBI_Adjusted_Abundance_
20210503-1225-drebuck,41.35209926,IBI_Adjusted_Abundance_
20210504-0900-jadetweile,10.09150816,IBI_Adjusted_Abundance_
20210504-1000-jadetweile,10.65076611,IBI_Adjusted_Abundance_
20210504-1305-tdaley,73.5763803,IBI_Adjusted_Abundance_
20210505-0713-twertz,71.36048376,IBI_Adjusted_Abundance_
20210505-0757-mshank,70.53320586,IBI_Adjusted_Abundance_
20210505-0833-twertz,73.76420211,IBI_Adjusted_Abundance_
20210505-1014-mshank,47.14839369,IBI_Adjusted_Abundance_
20210506-0930-jadetweile,14.26850411,IBI_Adjusted_Abundance_
20210506-1000-jadetweile,29.76953713,IBI_Adjusted_Abundance_
20210506-1325-tdaley,72.23980127,IBI_Adjusted_Abundance_
20210506-1655-tdaley,70.48795175,IBI_Adjusted_Abundance_
20210510-1305-drebuck,76.38687745,IBI_Adjusted_Abundance_
20210511-0840-ebendick,66.40764402,IBI_Adjusted_Abundance_
20210511-0915-jadetweile,18.87194775,IBI_Adjusted_Abundance_
20210511-1100-smeans,77.06634406,IBI_Adjusted_Abundance_
20210511-1230-smeans,66.65613954,IBI_Adjusted_Abundance_
20210512-0900-jadetweile,27.91677872,IBI_Adjusted_Abundance_
20210512-0930-jadetweile,22.66300496,IBI_Adjusted_Abundance_
20210512-1115-jadetweile,32.86144733,IBI_Adjusted_Abundance_
20210513-0955-drebuck,39.7723708,IBI_Adjusted_Abundance_
20210513-1420-drebuck,48.19929114,IBI_Adjusted_Abundance_
20210514-1115-tdaley,63.62929228,IBI_Adjusted_Abundance_
20210514-1210-tdaley,71.82417641,IBI_Adjusted_Abundance_
20210517-1000-jagrassi,59.99519443,IBI_Adjusted_Abundance_
20210517-1110-drebuck,48.85140149,IBI_Adjusted_Abundance_
20210517-1230-jagrassi,67.78144895,IBI_Adjusted_Abundance_
20210517-1240-drebuck,62.70943599,IBI_Adjusted_Abundance_
20210517-1430-drebuck,54.16053775,IBI_Adjusted_Abundance_
20210518-0930-jagrassi,53.20217481,IBI_Adjusted_Abundance_
20210518-0945-jadetweile,40.53468063,IBI_Adjusted_Abundance_
20210518-1030-jagrassi,74.25832166,IBI_Adjusted_Abundance_
20210518-1045-jadetweile,21.56504225,IBI_Adjusted_Abundance_
20210519-0732-dushull,66.0831588,IBI_Adjusted_Abundance_
20210519-0906-dushull,56.90495523,IBI_Adjusted_Abundance_
20210519-0915-jadetweile,38.90047535,IBI_Adjusted_Abundance_
20210519-1008-dushull,57.7484563,IBI_Adjusted_Abundance_
20210519-1030-jagrassi,51.97023319,IBI_Adjusted_Abundance_
20210519-1200-jagrassi,54.23505112,IBI_Adjusted_Abundance_
20210520-0900-jagrassi,50.29094132,IBI_Adjusted_Abundance_
20210520-0930-jagrassi,55.4135435,IBI_Adjusted_Abundance_
20210520-1015-drebuck,55.4135435,IBI_Adjusted_Abundance_
20210520-1030-jagrassi,52.98087863,IBI_Adjusted_Abundance_
20210520-1100-jadetweile,13.67706624,IBI_Adjusted_Abundance_
20210520-1200-jadetweile,11.58453164,IBI_Adjusted_Abundance_
20210520-1230-jagrassi,50.49798634,IBI_Adjusted_Abundance_
20210520-1300-drebuck,63.20348888,IBI_Adjusted_Abundance_
20210524-0604-mshank,71.21973488,IBI_Adjusted_Abundance_
20210524-0801-mshank,67.91784226,IBI_Adjusted_Abundance_
20210524-1110-mshank,52.60750546,IBI_Adjusted_Abundance_
20210524-1130-jagrassi,42.47367269,IBI_Adjusted_Abundance_
20210525-0800-jagrassi,39.91380825,IBI_Adjusted_Abundance_
20210525-0830-jagrassi,47.2886288,IBI_Adjusted_Abundance_
20210525-1000-jagrassi,59.74763912,IBI_Adjusted_Abundance_
20210525-1145-jeremmille,79.20827558,IBI_Adjusted_Abundance_
20210601-0916-mshank,71.60370833,IBI_Adjusted_Abundance_
20210603-1040-tdaley,23.44135088,IBI_Adjusted_Abundance_
20210603-1155-tdaley,31.85366744,IBI_Adjusted_Abundance_
20210603-1240-tdaley,37.6603695,IBI_Adjusted_Abundance_
20210603-1320-tdaley,16.33472846,IBI_Adjusted_Abundance_
20210608-1040-recope,15.9438622,IBI_Adjusted_Abundance_
20210608-1230-recope,30.63064865,IBI_Adjusted_Abundance_
20210701-1015-jeremmille,65.79619035,IBI_Adjusted_Abundance_
20210701-1215-jeremmille,75.98116375,IBI_Adjusted_Abundance_
20210715-1345-tdaley,64.90004714,IBI_Adjusted_Abundance_
20210726-1145-jeremmille,66.73999138,IBI_Adjusted_Abundance_
20210726-1330-jeremmille,71.33638247,IBI_Adjusted_Abundance_
20210802-1005-drebuck,53.09050727,IBI_Adjusted_Abundance_
20210806-1020-drebuck,32.47217152,IBI_Adjusted_Abundance_
20210806-1250-drebuck,33.13919311,IBI_Adjusted_Abundance_
20210806-1425-drebuck,35.95752008,IBI_Adjusted_Abundance_
20210811-1130-ebendick,34.67220087,IBI_Adjusted_Abundance_
20210825-1100-jagrassi,40.73641087,IBI_Adjusted_Abundance_
20210825-1230-jagrassi,38.16057031,IBI_Adjusted_Abundance_
20210826-1000-jagrassi,24.74920586,IBI_Adjusted_Abundance_
20210826-1100-jagrassi,27.79678678,IBI_Adjusted_Abundance_
20210831-1015-jeremmille,72.95675678,IBI_Adjusted_Abundance_
20210831-1230-jeremmille,66.98510669,IBI_Adjusted_Abundance_
20210930-0945-jeremmille,63.66760157,IBI_Adjusted_Abundance_
20210930-1130-jeremmille,75.22006462,IBI_Adjusted_Abundance_
20211005-1015-jlorson,55.46626483,IBI_Adjusted_Abundance_
20211005-1100-jlorson,47.00005831,IBI_Adjusted_Abundance_
20211012-1015-jlorson,55.64055816,IBI_Adjusted_Abundance_
20211012-1100-jlorson,68.10159274,IBI_Adjusted_Abundance_
20211025-1120-jlorson,63.66134947,IBI_Adjusted_Abundance_
20211104-1116-slott,57.2860389,IBI_Adjusted_Abundance_
20211116-0945-ablascovic,52.05235745,IBI_Adjusted_Abundance_
20211116-1015-ablascovic,56.01775267,IBI_Adjusted_Abundance_
20211116-1045-ablascovic,37.85510958,IBI_Adjusted_Abundance_
20211116-1115-ablascovic,29.68327027,IBI_Adjusted_Abundance_
20211116-1130-jeremmille,74.31101427,IBI_Adjusted_Abundance_
20211116-1330-jeremmille,76.9244867,IBI_Adjusted_Abundance_
20211117-0845-ablascovic,51.14415282,IBI_Adjusted_Abundance_
20211117-0920-ablascovic,48.3505002,IBI_Adjusted_Abundance_
20211117-1045-ablascovic,49.74238215,IBI_Adjusted_Abundance_
20211117-1130-ablascovic,39.7306529,IBI_Adjusted_Abundance_
20211117-1200-ablascovic,58.77765124,IBI_Adjusted_Abundance_
20211118-1230-tdaley,65.02993423,IBI_Adjusted_Abundance_
20211118-1305-tdaley,69.62542659,IBI_Adjusted_Abundance_
20211118-1315-tdaley,62.01584782,IBI_Adjusted_Abundance_
20211118-1350-tdaley,55.55730805,IBI_Adjusted_Abundance_
20211118-1440-tdaley,63.84942394,IBI_Adjusted_Abundance_
20211122-1230-smeans,72.55316109,IBI_Adjusted_Abundance_
20211123-0952-dushull,77.97409466,IBI_Adjusted_Abundance_
20211123-1124-dushull,70.53395791,IBI_Adjusted_Abundance_
20211123-1210-dushull,76.71021859,IBI_Adjusted_Abundance_
20211123-1455-tdaley,58.17417675,IBI_Adjusted_Abundance_
20211129-1000-jeremmille,45.80773069,IBI_Adjusted_Abundance_
20211129-1100-jeremmille,43.92289049,IBI_Adjusted_Abundance_
20211129-1200-jeremmille,59.88759249,IBI_Adjusted_Abundance_
20211129-1300-jeremmille,40.85394939,IBI_Adjusted_Abundance_
20211129-1400-jeremmille,79.19481198,IBI_Adjusted_Abundance_
20211130-1015-jeremmille,65.32535759,IBI_Adjusted_Abundance_
20211130-1130-jeremmille,70.29356583,IBI_Adjusted_Abundance_
20211130-1245-jeremmille,55.19335898,IBI_Adjusted_Abundance_
20211130-1345-jeremmille,62.0201251,IBI_Adjusted_Abundance_
20211201-0800-twertz,70.63543385,IBI_Adjusted_Abundance_
20211201-0900-twertz,74.66481934,IBI_Adjusted_Abundance_
20211201-1230-tdaley,57.42714703,IBI_Adjusted_Abundance_
20211201-1345-tdaley,48.92420716,IBI_Adjusted_Abundance_
20211202-0930-jeremmille,80.34365198,IBI_Adjusted_Abundance_
20211202-1030-jeremmille,75.60607786,IBI_Adjusted_Abundance_
20211202-1145-jeremmille,36.65016145,IBI_Adjusted_Abundance_
20211202-1230-jeremmille,55.52922768,IBI_Adjusted_Abundance_
20211202-1330-jeremmille,44.46625771,IBI_Adjusted_Abundance_
20211206-1000-jeremmille,46.38235831,IBI_Adjusted_Abundance_
20211206-1100-kstaudenme,45.34069165,IBI_Adjusted_Abundance_
20211206-1200-jeremmille,31.34534729,IBI_Adjusted_Abundance_
20211206-1245-jeremmille,21.74361348,IBI_Adjusted_Abundance_
20211206-1330-jeremmille,72.40119963,IBI_Adjusted_Abundance_
20211208-0945-ablascovic,29.94229924,IBI_Adjusted_Abundance_
20211208-1015-ablascovic,50.57699176,IBI_Adjusted_Abundance_
20211208-1115-ablascovic,30.4633234,IBI_Adjusted_Abundance_
20211209-0930-ablascovic,63.58323819,IBI_Adjusted_Abundance_
20211209-1000-ablascovic,56.25489122,IBI_Adjusted_Abundance_
20211209-1130-ablascovic,39.81517996,IBI_Adjusted_Abundance_
20211209-1200-ablascovic,29.53600566,IBI_Adjusted_Abundance_
20211213-0900-ablascovic,44.25549331,IBI_Adjusted_Abundance_
20211213-0945-jeremmille,45.21613656,IBI_Adjusted_Abundance_
20211213-1000-ablascovic,50.16708912,IBI_Adjusted_Abundance_
20211213-1045-jeremmille,49.07936332,IBI_Adjusted_Abundance_
20211213-1100-ablascovic,46.69100864,IBI_Adjusted_Abundance_
20211213-1200-jeremmille,45.39485857,IBI_Adjusted_Abundance_
20211213-1300-jeremmille,38.65404933,IBI_Adjusted_Abundance_
20211213-1345-jeremmille,47.53578376,IBI_Adjusted_Abundance_
20211214-0945-jagrassi,78.24137372,IBI_Adjusted_Abundance_
20211214-1120-tdaley,42.19544326,IBI_Adjusted_Abundance_
20211214-1130-jeremmille,27.88858698,IBI_Adjusted_Abundance_
20211214-1245-jagrassi,71.6223261,IBI_Adjusted_Abundance_
20211214-1245-jeremmille,37.906806,IBI_Adjusted_Abundance_
20211214-1305-tdaley,72.05014989,IBI_Adjusted_Abundance_
20211214-1415-jeremmille,43.87990353,IBI_Adjusted_Abundance_
20211214-1515-jeremmille,46.18409339,IBI_Adjusted_Abundance_
20211215-1030-smeans,68.19810321,IBI_Adjusted_Abundance_
20211215-1120-slott,73.87150179,IBI_Adjusted_Abundance_
20211215-1200-tdaley,83.01435721,IBI_Adjusted_Abundance_
20211216-0900-mhoger,80.10104741,IBI_Adjusted_Abundance_
20211216-0956-mshank,79.2630929,IBI_Adjusted_Abundance_
20211216-1020-tdaley,55.22521631,IBI_Adjusted_Abundance_
20211216-1046-mshank,71.08860807,IBI_Adjusted_Abundance_
20211216-1145-tdaley,49.38518436,IBI_Adjusted_Abundance_
20211216-1152-mshank,67.15801942,IBI_Adjusted_Abundance_
20211216-1310-tdaley,63.9084511,IBI_Adjusted_Abundance_
20211216-1400-tdaley,60.37662776,IBI_Adjusted_Abundance_
20211220-0845-ablascovic,37.63720622,IBI_Adjusted_Abundance_
20211220-0915-ablascovic,69.12687473,IBI_Adjusted_Abundance_
20211220-1000-jeremmille,51.15864739,IBI_Adjusted_Abundance_
20211220-1100-mhoger,54.70316339,IBI_Adjusted_Abundance_
20211220-1115-jeremmille,47.89781382,IBI_Adjusted_Abundance_
20211220-1300-jeremmille,64.63191729,IBI_Adjusted_Abundance_
20211220-1400-jeremmille,28.40875166,IBI_Adjusted_Abundance_
20211221-0900-ablascovic,47.33425215,IBI_Adjusted_Abundance_
20211221-1015-jeremmille,30.3414497,IBI_Adjusted_Abundance_
20211221-1030-ablascovic,53.5140643,IBI_Adjusted_Abundance_
20211221-1130-ablascovic,30.75727419,IBI_Adjusted_Abundance_
20211221-1145-jeremmille,24.08391074,IBI_Adjusted_Abundance_
20211221-1315-jeremmille,20.37856265,IBI_Adjusted_Abundance_
20211221-1345-jeremmille,39.49871557,IBI_Adjusted_Abundance_
20211221-1430-jeremmille,28.25986642,IBI_Adjusted_Abundance_
20211222-0287-WQN,66.86839455,IBI_Adjusted_Abundance_
20211222-1026-twertz,65.42432179,IBI_Adjusted_Abundance_
20211222-1135-tdaley,54.09311353,IBI_Adjusted_Abundance_
20211222-1220-tdaley,75.08530388,IBI_Adjusted_Abundance_
20211222-1310-tdaley,71.75278774,IBI_Adjusted_Abundance_
20211222-1355-tdaley,51.84149711,IBI_Adjusted_Abundance_
20211222-1440-tdaley,68.72511492,IBI_Adjusted_Abundance_
20211228-1000-jbrancato,43.51380149,IBI_Adjusted_Abundance_
20211228-1100-jbrancato,45.39033119,IBI_Adjusted_Abundance_
20211229-1100-smeans,63.64533112,IBI_Adjusted_Abundance_
20211229-1200-smeans,75.24537948,IBI_Adjusted_Abundance_
20211229-1300-smeans,72.73027846,IBI_Adjusted_Abundance_
20211230-0901-mshank,66.35227429,IBI_Adjusted_Abundance_
